Internet,hostname,ip,date,start_time
Connected,user,192.168.100.22 ,2020-01-10,10:33
Connected,user,192.168.100.22 ,2020-01-11,11:01
Connected,user,192.168.100.22 ,2020-01-11,11:01
Connected,user,192.168.100.22 ,2020-01-11,15:07
Connected,user,192.168.100.22 ,2020-01-12,10:36
Connected,user,192.168.100.22 ,2020-01-12,10:36
Connected,user,192.168.100.22 ,2020-01-12,10:36
Connected,user,192.168.100.22 ,2020-01-12,10:36
Connected,user,192.168.100.22 ,2020-01-12,10:36
Connected,user,192.168.100.22 ,2020-01-12,10:36
Connected,user,192.168.100.22 ,2020-01-12,10:36
Connected,user,192.168.100.22 ,2020-01-12,10:36
